<?xml version="1.0"?>
<ruleset name="PHPMD rule set"
         xmlns="http://pmd.sf.net/ruleset/1.0.0"
         xmlns:xsi="http://www.w3.org/2001/XMLSchema-instance"
         xsi:schemaLocation="http://pmd.sf.net/ruleset/1.0.0
                     http://pmd.sf.net/ruleset_xml_schema.xsd"
         xsi:noNamespaceSchemaLocation="
                     http://pmd.sf.net/ruleset_xml_schema.xsd">
    <description>
        Custom rule set for mvc course.
    </description>

    <exclude-pattern>cache</exclude-pattern>
    <exclude-pattern>htdocs</exclude-pattern>
    <exclude-pattern>vendor</exclude-pattern>

    <rule ref="rulesets/design.xml" />
    <rule ref="rulesets/cleancode.xml" />
    <rule ref="rulesets/codesize.xml" />

    <rule ref="rulesets/controversial.xml">
        <exclude name="Superglobals" />
    </rule>

    <rule ref="rulesets/naming.xml" />
    <rule ref="rulesets/naming.xml/ShortVariable">
        <properties>
            <property name="exceptions" value="i,j,db,id,di" />
        </properties>
    </rule>
    <rule ref="rulesets/naming.xml/ShortMethodName">
        <properties>
            <property name="exceptions" value="t,e" />
        </properties>
    </rule>

    <rule ref="rulesets/unusedcode.xml" />

<!--
    <rule ref="rulesets/cleancode.xml">
        <exclude name="BooleanArgumentFlag" />
        <exclude name="ElseExpression" />
    </rule>

    <rule ref="rulesets/codesize.xml" />

    <rule ref="rulesets/controversial.xml">
        <exclude name="Superglobals" />
    </rule>

    <rule ref="rulesets/design.xml" />

    <rule ref="rulesets/naming.xml">
        <exclude name="ShortVariable" />
        <exclude name="ShortMethodName" />
    </rule>

    <rule ref="rulesets/naming.xml/ShortVariable">
        <properties>
            <property name="exceptions" value="i,j,db,id,di" />
        </properties>
    </rule>

    <rule ref="rulesets/naming.xml/ShortMethodName">
        <properties>
            <property name="exceptions" value="t,e" />
        </properties>
    </rule>

    <rule ref="rulesets/unusedcode.xml">
        <exclude name="UnusedLocalVariable" />
    </rule>

    <rule ref="rulesets/unusedcode.xml/UnusedLocalVariable">
        <properties>
            <property
                name="allow-unused-foreach-variables"
                description="Allow unused variables in foreach language constructs."
                value="true" />
        </properties>
    </rule>
-->

</ruleset>
